date,close,daily_returns
2012-01-03,15.002,0.012349011404278354
2012-01-04,14.953,-0.003266231169177569
2012-01-05,14.963,0.0006687621213135042
2012-01-06,14.866,-0.006482657221145494
2012-01-09,14.905,0.002623436028521331
2012-01-10,14.885,-0.0013418316001341246
2012-01-11,14.914,0.0019482700705408806
2012-01-12,14.801,-0.007576773501408063
2012-01-13,14.944,0.009661509357475895
2012-01-17,14.963,0.001271413276231259
2012-01-18,14.963,0.001271413276231259
2012-01-19,14.963,0.001271413276231259
2012-01-20,14.801,-0.010826705874490306
2012-01-23,14.876,0.0050672251874872565
2012-01-24,14.934,0.0038988975531055736
2012-01-25,14.876,-0.0038837551895004596
2012-01-26,15.04,0.011024468943264365
2012-01-27,15.288,0.01648936170212778
2012-01-30,15.249,-0.0025510204081632404
2012-01-31,15.259,0.000655780706931619
2012-02-01,15.269,0.0006553509404285673
2012-02-02,15.269,0.0
2012-02-03,15.269,0.0
2012-02-06,15.182,-0.005697819110616287
2012-02-07,15.04,-0.00935318139902519
2012-02-08,15.211,0.011369680851063935
2012-02-09,15.182,-0.0019065150220235472
2012-02-10,15.211,0.00191015676458961
2012-02-13,15.211,0.0
2012-02-14,15.298,0.0057195450660705305
2012-02-15,15.279,-0.0012419924173094898
2012-02-16,15.211,-0.0044505530466653065
2012-02-17,15.765,0.03642101111038065
2012-02-21,15.595,-0.010783380907072648
2012-02-22,15.661,0.004232125681308041
2012-02-23,15.746,0.005427495051401721
2012-02-24,15.696,-0.0031754096278420185
2012-02-27,15.756,0.003822629969419067
2012-02-28,15.756,0.003822629969419067
2012-02-29,15.746,-0.0006346788525005698
2012-03-01,15.538,-0.013209704051822646
2012-03-02,15.565,0.0017376753764963837
2012-03-05,15.538,-0.0017346610986186395
2012-03-06,15.374,-0.010554768953533245
2012-03-07,15.668,0.01912319500455295
2012-03-08,15.696,0.0017870819504723912
2012-03-09,15.633,-0.004013761467889898
2012-03-12,15.825,0.012281711763576952
2012-03-13,15.795,-0.0018957345971563067
2012-03-14,15.765,-0.0018993352326684976
2012-03-15,15.775,0.0006343165239455217
2012-03-16,15.946,0.010839936608557865
2012-03-19,16.206,0.01630502947447643
2012-03-20,16.122,-0.005183265457238018
2012-03-21,16.139,0.0010544597444486214
2012-03-22,16.149,0.0006196170766468168
2012-03-23,15.946,-0.012570437798006151
2012-03-26,16.252,0.019189765458422103
2012-03-27,16.407,0.009537287718434762
2012-03-28,16.636,0.01395745718290975
2012-03-29,16.559,-0.004628516470305266
2012-03-30,16.676,0.007065644060631593
2012-04-02,16.713,0.0022187574958025813
2012-04-03,16.626,-0.005205528630407463
2012-04-04,16.483,-0.008600986406832711
2012-04-05,16.559,0.00461081113874906
2012-04-09,15.736,-0.049701068905127155
2012-04-10,16.177,0.02802491103202831
2012-04-11,16.398,0.013661371082400953
2012-04-12,16.407,0.0005488474204171645
2012-04-13,16.388,-0.0011580422990186134
2012-04-16,16.483,0.005796924578960194
2012-04-17,15.919,-0.03421707213492686
2012-04-18,16.271,0.022111941704880955
2012-04-19,16.159,-0.006883412205764938
2012-04-20,16.483,0.020050745714462526
2012-04-23,16.483,0.0
2012-04-24,16.636,0.009282290845113117
2012-04-25,16.636,0.0
2012-04-26,16.636,0.0
2012-04-27,16.617,-0.0011421014666985752
2012-04-30,16.597,-0.001203586688331204
2012-05-01,16.636,0.002349822257034173
2012-05-02,16.636,0.0
2012-05-03,16.568,-0.004087521038711128
2012-05-04,16.636,0.0041042974408496136
2012-05-07,16.626,-0.0006011060351044373
2012-05-08,16.529,-0.005834235534704746
2012-05-09,16.378,-0.009135458890434989
2012-05-10,16.491,0.006899499328367309
2012-05-11,16.491,0.0
2012-05-14,15.844,-0.039233521314656516
2012-05-15,16.003,0.010035344609947039
2012-05-16,15.974,-0.0018121602199587805
2012-05-17,15.815,-0.00995367472142239
2012-05-18,16.281,0.029465697122984524
2012-05-21,16.187,-0.005773601130151573
2012-05-22,16.222,0.0021622289491567415
2012-05-23,16.252,0.001849340401923083
2012-05-24,16.023,-0.014090573467880785
2012-05-25,15.955,-0.004243899394620221
2012-05-29,16.139,0.011532434973362538
2012-05-30,16.053,-0.005328706859160981
2012-05-31,16.013,-0.002491746091073277
2012-06-01,16.013,0.0
2012-06-04,16.072,0.0036845063385997356
2012-06-05,16.242,0.010577401692384303
2012-06-06,15.892,-0.021549070311538077
2012-06-07,15.91,0.0011326453561539829
2012-06-08,15.955,0.0028284098051540862
2012-06-11,15.9,-0.0034471952366029734
2012-06-12,15.815,-0.005345911949685589
2012-06-13,16.013,0.012519759721783208
2012-06-14,16.013,0.0
2012-06-15,15.965,-0.0029975644788610145
2012-06-18,16.013,0.003006576886940282
2012-06-19,16.242,0.014300880534565685
2012-06-20,16.32,0.004802364240857004
2012-06-21,16.122,-0.012132352941176539
2012-06-22,16.149,0.0016747301823596406
2012-06-25,15.439,-0.043965570623568095
2012-06-26,15.478,0.002526070341343223
2012-06-27,16.168,0.04457940302364638
2012-06-28,16.043,-0.007731321128154334
2012-06-29,16.378,0.020881381287789047
2012-07-02,16.626,0.015142264012700135
2012-07-03,16.588,-0.00228557680741015
2012-07-05,16.407,-0.010911502290812725
2012-07-06,16.33,-0.004693118790760176
2012-07-09,16.465,0.008266993263931433
2012-07-10,16.491,0.0015791071970847614
2012-07-11,16.483,-0.0004851130919895086
2012-07-12,16.483,0.0
2012-07-13,16.626,0.008675605168962042
2012-07-16,16.549,-0.004631300372910041
2012-07-17,16.398,-0.00912441839386069
2012-07-18,16.578,0.010976948408342402
2012-07-19,16.417,-0.009711666063457414
2012-07-20,16.122,-0.01796917829079625
2012-07-23,15.785,-0.020903113757598346
2012-07-24,15.498,-0.018181818181818188
2012-07-25,15.585,0.005613627564847068
2012-07-26,15.955,0.02374077638755212
2012-07-27,16.262,0.019241617047947468
2012-07-30,16.082,-0.011068749231336827
2012-07-31,16.082,0.0
2012-08-01,15.585,-0.03090411640343238
2012-08-02,15.642,0.0036573628488931753
2012-08-03,16.177,0.03420278736734428
2012-08-06,16.32,0.008839710700377035
2012-08-07,16.388,0.004166666666666652
2012-08-08,16.359,-0.0017695875030510066
2012-08-09,16.359,0.0
2012-08-10,15.965,-0.024084601748273204
2012-08-13,16.407,0.02768556216724094
2012-08-14,16.196,-0.01286036447857608
2012-08-15,16.51,0.019387503087181956
2012-08-16,16.369,-0.008540278619018848
2012-08-17,16.417,0.0029323721669010094
2012-08-20,16.369,-0.002923798501553332
2012-08-21,16.177,-0.011729488667603372
2012-08-22,16.159,-0.0011126908573901861
2012-08-23,16.187,0.0017327804938425118
2012-08-24,16.34,0.009452029406313622
2012-08-27,16.232,-0.00660954712362305
2012-08-28,16.242,0.0006160670280928038
2012-08-29,16.252,0.0006156877231866531
2012-08-30,16.092,-0.009844942160964765
2012-08-31,16.252,0.009942828734775144
2012-09-04,16.232,-0.0012306177701205678
2012-09-05,15.984,-0.015278462296697826
2012-09-06,16.568,0.03653653653653666
2012-09-07,16.578,0.0006035731530660282
2012-09-10,16.262,-0.019061406683556492
2012-09-11,16.388,0.007748124461935957
2012-09-12,16.676,0.01757383451305805
2012-09-13,16.636,-0.0023986567522187308
2012-09-14,16.549,-0.0052296225054099255
2012-09-17,16.607,0.0035047434890325135
2012-09-18,16.751,0.00867104233154703
2012-09-19,17.231,0.028655005671303302
2012-09-20,16.99,-0.013986419824734697
2012-09-21,17.322,0.019540906415538517
2012-09-24,17.371,0.0028287726590463524
2012-09-25,17.478,0.006159691439756143
2012-09-26,17.351,-0.00726627760613352
2012-09-27,17.468,0.0067431271972797635
2012-09-28,17.201,-0.015285092741012085
2012-10-01,17.498,0.01726643799779093
2012-10-02,17.459,-0.0022288261515602814
2012-10-03,17.391,-0.003894839337877376
2012-10-04,18.089,0.04013570237479169
2012-10-05,18.156,0.0037039084526508947
2012-10-08,18.31,0.008482044503194563
2012-10-09,17.332,-0.05341343528126696
2012-10-10,17.755,0.0244057235171935
2012-10-11,17.736,-0.0010701210926498117
2012-10-12,17.411,-0.01832431213351371
2012-10-15,17.648,0.013612084314513773
2012-10-16,17.859,0.011956029011786162
2012-10-17,17.794,-0.0036396214793662507
2012-10-18,17.822,0.0015735641227379027
2012-10-19,17.668,-0.00864100549882163
2012-10-22,17.935,0.015112067013810293
2012-10-23,17.698,-0.013214385280178376
2012-10-24,17.391,-0.017346592835348784
2012-10-25,18.043,0.03749065608648161
2012-10-26,17.736,-0.01701490882890866
2012-10-31,18.08,0.019395579612088376
2012-11-01,18.136,0.003097345132743401
2012-11-02,17.295,-0.04637185707984104
2012-11-05,17.162,-0.0076900838392600646
2012-11-06,17.391,0.013343433166297602
2012-11-07,16.311,-0.06210108676901838
2012-11-08,16.102,-0.012813438783642939
2012-11-09,16.646,0.03378462302819529
2012-11-12,16.626,-0.0012014898474107527
2012-11-13,16.797,0.010285095633345342
2012-11-14,16.519,-0.016550574507352644
2012-11-15,16.626,0.006477389672498557
2012-11-16,16.676,0.0030073379044868176
2012-11-19,17.746,0.06416406812185182
2012-11-20,17.459,-0.01617265862729622
2012-11-21,17.518,0.0033793458960995615
2012-11-23,17.581,0.0035963009475967755
2012-11-26,17.784,0.01154655594107279
2012-11-27,17.563,-0.012426900584795342
2012-11-28,17.6,0.0021067015885669615
2012-11-29,17.518,-0.0046590909090910015
2012-11-30,17.468,-0.00285420710126727
2012-12-03,17.478,0.000572475383558535
2012-12-04,17.449,-0.001659228744707586
2012-12-05,17.429,-0.0011461974898276939
2012-12-06,17.498,0.003958919042974518
2012-12-07,17.381,-0.006686478454680622
2012-12-10,17.341,-0.0023013635579079983
2012-12-11,17.488,0.008477019779712824
2012-12-12,17.322,-0.009492223238792286
2012-12-13,17.341,0.0010968710310588214
2012-12-14,17.258,-0.004786344501470641
2012-12-17,17.478,0.012747711206397172
2012-12-18,17.498,0.00114429568600527
2012-12-19,17.488,-0.0005714938850155393
2012-12-20,17.459,-0.0016582799634035084
2012-12-21,17.429,-0.0017183114725930482
2012-12-24,17.361,-0.0039015434046703046
2012-12-26,17.351,-0.0005760036864236318
2012-12-27,17.258,-0.005359921618350527
2012-12-28,16.982,-0.01599258314984353
2012-12-31,17.449,0.027499705570604327
2013-01-02,17.698,0.014270158748352246
2013-01-03,17.955,0.014521414849135272
2013-01-04,18.241,0.015928710665552792
2013-01-07,18.08,-0.008826270489556531
2013-01-08,18.004,-0.004203539823008695
2013-01-09,17.955,-0.0027216174183516406
2013-01-10,18.194,0.013311055416318718
2013-01-11,18.146,-0.002638232384302386
2013-01-14,18.358,0.011683015540614905
2013-01-15,18.175,-0.009968406144460151
2013-01-16,18.07,-0.005777166437414105
2013-01-17,18.098,0.001549529607083544
2013-01-18,18.385,0.01585810586805181
2013-01-22,18.32,-0.003535490889312043
2013-01-23,18.34,0.0010917030567685337
2013-01-24,18.261,-0.004307524536532159
2013-01-25,18.375,0.006242812551338961
2013-01-28,18.404,0.0015782312925169961
2013-01-29,18.404,0.0
2013-01-30,18.366,-0.0020647685285807293
2013-01-31,18.251,-0.006261570292932506
2013-02-01,18.404,0.008383102295764555
2013-02-04,17.925,-0.026026950662899284
2013-02-05,18.052,0.007085076708507554
2013-02-06,17.965,-0.0048194105916241625
2013-02-07,17.698,-0.01486223211800719
2013-02-08,17.581,-0.006610916487738816
2013-02-11,17.628,0.0026733405380809927
2013-02-12,17.935,0.01741547538007704
2013-02-13,17.648,-0.016002230275996565
2013-02-14,17.678,0.0016999093381686592
2013-02-15,17.648,-0.0016970245502885284
2013-02-19,17.678,0.0016999093381686592
2013-02-20,17.498,-0.010182147301730948
2013-02-21,17.727,0.013087209966853308
2013-02-22,17.764,0.002087211598127192
2013-02-25,17.535,-0.012891240711551455
2013-02-26,17.658,0.007014542343883656
2013-02-27,17.668,0.0005663155510249318
2013-02-28,17.628,-0.0022639800769752583
2013-03-01,17.955,0.0185500340367597
2013-03-04,17.755,-0.01113895850737956
2013-03-05,18.004,0.014024218529991694
2013-03-06,18.089,0.004721173072650409
2013-03-07,17.975,-0.0063021725910773485
2013-03-08,17.764,-0.011738525730180971
2013-03-11,17.563,-0.011315019139833349
2013-03-12,17.535,-0.0015942606616180521
2013-03-13,17.764,0.013059595095523235
2013-03-14,17.638,-0.007092997072731255
2013-03-15,17.468,-0.00963828098423869
2013-03-18,17.581,0.006468971834211024
2013-03-19,17.122,-0.026107729935726076
2013-03-20,17.668,0.031888798037612354
2013-03-21,17.573,-0.005376952682816349
2013-03-22,17.794,0.012576111079496854
2013-03-25,17.984,0.010677756547150752
2013-03-26,17.935,-0.0027246441281140177
2013-03-27,17.784,-0.008419291887371005
2013-03-28,17.794,0.0005623031938821743
2013-04-01,17.688,-0.005957064178936822
2013-04-02,17.459,-0.012946630483943844
2013-04-03,17.526,0.003837562288790952
2013-04-04,17.727,0.011468675111263371
2013-04-05,17.6,-0.007164212782760693
2013-04-08,17.803,0.011534090909090855
2013-04-09,17.658,-0.008144694714373957
2013-04-10,17.812,0.008721259485785504
2013-04-11,17.803,-0.000505277341118382
2013-04-12,17.859,0.0031455372689996874
2013-04-15,17.132,-0.04070776639229523
2013-04-16,17.526,0.022997898669157024
2013-04-17,16.301,-0.06989615428506224
2013-04-18,16.539,0.014600331268020517
2013-04-19,17.142,0.03645927807001614
2013-04-22,17.122,-0.001166725002916813
2013-04-23,17.295,0.01010395981777834
2013-04-24,17.563,0.015495808037004677
2013-04-25,17.535,-0.0015942606616180521
2013-04-26,17.468,-0.003820929569432585
2013-04-29,17.717,0.0142546370506067
2013-04-30,17.303,-0.023367387255178507
2013-05-01,16.723,-0.033520198809455115
2013-05-02,17.241,0.030975303474257032
2013-05-03,17.678,0.02534655762426774
2013-05-06,17.628,-0.0028283742504808806
2013-05-07,17.648,0.0011345586566824384
2013-05-08,17.638,-0.0005666364460561457
2013-05-09,17.241,-0.022508220886721997
2013-05-10,17.381,0.00812017864393022
2013-05-13,17.142,-0.013750647258500726
2013-05-14,17.221,0.0046085637615214115
2013-05-15,17.0,-0.012833168805528095
2013-05-16,17.094,0.005529411764706005
2013-05-17,17.201,0.006259506259506109
2013-05-20,17.241,0.002325446194988645
2013-05-21,17.322,0.0046981033582738085
2013-05-22,17.02,-0.017434476388407782
2013-05-23,17.152,0.007755581668625222
2013-05-24,17.152,0.0
2013-05-28,17.104,-0.002798507462686728
2013-05-29,16.924,-0.010523854069223515
2013-05-30,17.104,0.010635783502717988
2013-05-31,16.751,-0.020638447146866135
2013-06-03,17.02,0.01605874276162611
2013-06-04,16.855,-0.009694477085781417
2013-06-05,16.666,-0.011213289824977712
2013-06-06,16.934,0.016080643225728997
2013-06-07,17.01,0.004488012282981124
2013-06-10,17.036,0.0015285126396238358
2013-06-11,16.864,-0.010096266729279213
2013-06-12,16.778,-0.00509962049335877
2013-06-13,17.488,0.04231732030039348
2013-06-14,17.084,-0.023101555352241565
2013-06-17,17.468,0.0224771716225709
2013-06-18,17.822,0.020265628577971206
2013-06-19,17.415,-0.02283694310402873
2013-06-20,16.963,-0.025954636807349885
2013-06-21,17.658,0.04097152626304301
2013-06-24,17.688,0.0016989466530750175
2013-06-25,17.822,0.007575757575757569
2013-06-26,17.698,-0.006957692739310906
2013-06-27,17.859,0.009097073115606369
2013-06-28,17.688,-0.009575004199563364
2013-07-01,17.688,0.0
2013-07-02,17.581,-0.006049298959746707
2013-07-03,17.746,0.009385131676241443
2013-07-05,17.678,-0.00383184943085757
2013-07-08,17.6,-0.004412263830749996
2013-07-09,17.658,0.003295454545454435
2013-07-10,17.648,-0.0005663155510251539
2013-07-11,17.668,0.0011332728921122914
2013-07-12,17.764,0.005433552184740842
2013-07-15,17.698,-0.003715379419049758
2013-07-16,17.658,-0.002260142388970432
2013-07-17,17.688,0.0016989466530750175
2013-07-18,17.85,0.00915875169606517
2013-07-19,17.822,-0.0015686274509805198
2013-07-22,17.658,-0.00920210975199176
2013-07-23,17.678,0.0011326311020500857
2013-07-24,17.688,0.0005656748500959541
2013-07-25,17.688,0.0
2013-07-26,17.628,-0.0033921302578018286
2013-07-29,17.478,-0.008509189925119065
2013-07-30,17.498,0.00114429568600527
2013-07-31,17.449,-0.0028003200365755987
2013-08-01,17.478,0.0016619863602498341
2013-08-02,17.449,-0.001659228744707586
2013-08-05,17.591,0.008138002177775272
2013-08-06,17.084,-0.028821556477744426
2013-08-07,17.401,0.01855537344884106
2013-08-08,17.411,0.0005746796161141265
2013-08-09,17.419,0.0004594796393084799
2013-08-12,17.221,-0.011366898214593246
2013-08-13,17.036,-0.010742697868880935
2013-08-14,16.788,-0.014557407842216596
2013-08-15,16.491,-0.01769120800571844
2013-08-16,16.529,0.0023042871869505266
2013-08-19,16.455,-0.004476979853590746
2013-08-20,16.474,0.001154664235794689
2013-08-21,16.369,-0.006373679737768589
2013-08-22,16.607,0.014539678660883348
2013-08-23,16.751,0.00867104233154703
2013-08-26,16.539,-0.012655960838158897
2013-08-27,16.311,-0.013785597678215189
2013-08-28,16.427,0.00711176506651956
2013-08-29,16.713,0.01741036099105142
2013-08-30,16.311,-0.02405313229222772
2013-09-03,16.35,0.002391024462019553
2013-09-04,16.271,-0.004831804281345553
2013-09-05,16.388,0.007190707393522233
2013-09-06,16.465,0.004698559921894052
2013-09-09,16.797,0.020163984208928065
2013-09-10,16.732,-0.003869738643805465
2013-09-11,16.732,0.0
2013-09-12,16.617,-0.006873057614152467
2013-09-13,16.704,0.005235602094240788
2013-09-16,16.769,0.003891283524904088
2013-09-17,16.759,-0.0005963384817221362
2013-09-18,17.181,0.02518050002983485
2013-09-19,16.874,-0.01786857575228462
2013-09-20,17.449,0.03407609339812745
2013-09-23,17.419,-0.0017192962347413188
2013-09-24,17.258,-0.009242780871462242
2013-09-25,17.361,0.005968246610267736
2013-09-26,17.211,-0.008640055296354032
2013-09-27,17.132,-0.004590087734588133
2013-09-30,17.268,0.007938360961942559
2013-10-01,17.211,-0.0033009034051425523
2013-10-02,16.943,-0.015571436871767874
2013-10-03,16.751,-0.011332113557221302
2013-10-04,16.943,0.011462002268521232
2013-10-07,16.636,-0.018119577406598752
2013-10-08,16.732,0.005770617937004063
2013-10-09,16.742,0.0005976571838395284
2013-10-10,16.646,-0.00573408194958791
2013-10-11,16.769,0.00738916256157629
2013-10-14,16.953,0.010972628063689038
2013-10-15,16.904,-0.002890343891936542
2013-10-16,16.934,0.0017747278750592788
2013-10-17,16.835,-0.005846226526514675
2013-10-18,17.171,0.01995841995841996
2013-10-21,17.055,-0.0067555762623027205
2013-10-22,17.036,-0.0011140428026971128
2013-10-23,17.074,0.0022305705564686917
2013-10-24,17.181,0.006266838467845703
2013-10-25,16.963,-0.012688434899016388
2013-10-28,17.122,0.00937334197960249
2013-10-29,17.545,0.024705057820348264
2013-10-30,17.322,-0.012710173838700656
2013-10-31,17.371,0.0028287726590463524
2013-11-01,17.231,-0.00805940936042815
2013-11-04,17.278,0.002727642040508238
2013-11-05,17.628,0.02025697418682726
2013-11-06,18.004,0.021329702745632062
2013-11-07,17.698,-0.016996223061541915
2013-11-08,17.841,0.008080009040569491
2013-11-11,18.07,0.012835603385460415
2013-11-12,17.935,-0.007470946319867222
2013-11-13,18.221,0.01594647337608035
2013-11-14,17.906,-0.017287744909719627
2013-11-15,17.965,0.0032949849212555726
2013-11-18,18.089,0.006902310047314231
2013-11-19,17.965,-0.0068549947481894025
2013-11-20,18.07,0.005844698023935502
2013-11-21,17.975,-0.0052573325954620165
2013-11-22,18.013,0.0021140472878997674
2013-11-25,18.033,0.0011103092211179888
2013-11-26,17.984,-0.0027172406144291283
2013-11-27,17.965,-0.001056494661921814
2013-11-29,18.146,0.01007514611745064
2013-12-02,17.784,-0.019949300121238966
2013-12-03,18.004,0.012370670265407169
2013-12-04,17.945,-0.0032770495445456627
2013-12-05,17.878,-0.003733630537754218
2013-12-06,17.784,-0.005257858820897243
2013-12-09,18.004,0.012370670265407169
2013-12-10,17.708,-0.016440790935347893
2013-12-11,17.688,-0.001129433024621651
2013-12-12,17.658,-0.0016960651289008588
2013-12-13,17.698,0.0022652622041001713
2013-12-16,17.822,0.007006441405808417
2013-12-17,17.736,-0.0048254965772639435
2013-12-18,17.878,0.008006314839873685
2013-12-19,17.841,-0.0020695827273743417
2013-12-20,17.925,0.004708256263662225
2013-12-23,18.127,0.011269177126917551
2013-12-24,17.925,-0.0111435979478125
2013-12-26,17.915,-0.0005578800557880514
2013-12-27,17.831,-0.004688808261233635
2013-12-30,17.915,0.004710896752846194
2013-12-31,18.023,0.006028467764443324
2014-01-02,17.897,-0.006991066969982862
2014-01-03,17.984,0.004861149913393481
2014-01-06,18.08,0.005338078291814652
2014-01-07,18.271,0.01056415929203558
2014-01-08,18.052,-0.011986207651469627
2014-01-09,19.179,0.06243075559494793
2014-01-10,20.031,0.04442358829970283
2014-01-13,19.688,-0.017123458639109357
2014-01-14,19.41,-0.01412027631044288
2014-01-15,20.002,0.030499742400824204
2014-01-16,19.753,-0.01244875512448751
2014-01-17,20.002,0.01260568014985064
2014-01-21,20.421,0.02094790520947898
2014-01-22,20.49,0.003378874687821387
2014-01-23,20.421,-0.0033674963396778113
2014-01-24,20.557,0.006659810978894232
2014-01-27,21.034,0.023203774869874128
2014-01-28,21.034,0.0
2014-01-29,20.317,-0.034087667585813386
2014-01-30,20.46,0.0070384407146724115
2014-01-31,19.264,-0.05845552297165213
2014-02-03,18.939,-0.016870847176079673
2014-02-04,18.958,0.0010032208669938925
2014-02-05,18.626,-0.017512395822343985
2014-02-06,18.558,-0.003650810694727835
2014-02-07,18.461,-0.005226856342278374
2014-02-10,18.442,-0.0010291966849031997
2014-02-11,18.654,0.011495499403535447
2014-02-12,19.16,0.02712554948000423
2014-02-13,20.289,0.05892484342379967
2014-02-14,19.283,-0.04958351816255113
2014-02-18,20.632,0.06995799408805681
2014-02-19,19.688,-0.04575416828228007
2014-02-20,19.705,0.000863470134091715
2014-02-21,19.705,0.0
2014-02-24,19.725,0.0010149708195890117
2014-02-25,19.678,-0.0023827629911280512
2014-02-26,19.809,0.006657180607785307
2014-02-27,19.876,0.003382300974304586
2014-02-28,19.876,0.0
2014-03-03,19.609,-0.013433286375528208
2014-03-04,19.906,0.015146106379723356
2014-03-05,19.503,-0.020245152215412343
2014-03-06,19.551,0.002461159821565806
2014-03-07,19.829,0.014219221523195769
2014-03-10,19.58,-0.01255736547480979
2014-03-11,19.59,0.0005107252298264253
2014-03-12,19.494,-0.004900459418070491
2014-03-13,19.609,0.005899251051605825
2014-03-14,19.743,0.006833596817787502
2014-03-17,19.837,0.004761181178139173
2014-03-18,19.965,0.0064525885970661
2014-03-19,20.327,0.01813173052842476
2014-03-20,20.233,-0.004624391203817635
2014-03-21,20.28,0.002322937774922096
2014-03-24,20.299,0.0009368836291911986
2014-03-25,20.48,0.008916695403714536
2014-03-26,19.992,-0.023828124999999978
2014-03-27,19.753,-0.011954781912765111
2014-03-28,20.233,0.024300106312965086
2014-03-31,20.068,-0.008154994316216024
2014-04-01,20.134,0.0032888180187362615
2014-04-02,20.173,0.001937021952915341
2014-04-03,19.965,-0.010310811480691906
2014-04-04,19.799,-0.008314550463310866
2014-04-07,19.41,-0.01964745694226977
2014-04-08,19.551,0.007264296754250221
2014-04-09,19.896,0.017646156206843733
2014-04-10,19.446,-0.022617611580217134
2014-04-11,19.226,-0.011313380643834359
2014-04-14,19.226,0.0
2014-04-15,19.216,-0.0005201289919899432
2014-04-16,19.236,0.0010407993338883426
2014-04-17,19.169,-0.0034830526096901737
2014-04-21,19.264,0.0049559184099325915
2014-04-22,19.362,0.005087209302325535
2014-04-23,19.362,0.0
2014-04-24,19.362,0.0
2014-04-25,18.939,-0.021846916640842817
2014-04-28,19.151,0.011193832831722927
2014-04-29,19.322,0.00892903764816455
2014-04-30,19.362,0.002070179070489564
2014-05-01,19.436,0.0038219192232207266
2014-05-02,19.551,0.0059168553200246166
2014-05-05,19.42,-0.0067004245307143995
2014-05-06,19.332,-0.004531410916580936
2014-05-07,19.254,-0.004034761018001265
2014-05-08,19.245,-0.0004674353381115548
2014-05-09,19.513,0.013925694985710502
2014-05-12,20.307,0.040690821503612806
2014-05-13,20.183,-0.006106268774314194
2014-05-14,19.4,-0.03879502551652392
2014-05-15,19.42,0.0010309278350517648
2014-05-16,19.935,0.02651905252317177
2014-05-19,19.753,-0.009129671432154485
2014-05-20,19.503,-0.012656305371335996
2014-05-21,19.476,-0.0013844023996308907
2014-05-22,19.522,0.0023618812897925334
2014-05-23,19.837,0.0161356418399754
2014-05-27,19.781,-0.0028230075112164466
2014-05-28,19.886,0.005308123957332711
2014-05-29,20.002,0.00583324952227704
2014-05-30,19.743,-0.012948705129487093
2014-06-02,19.456,-0.01453679785240336
2014-06-03,19.254,-0.01038240131578938
2014-06-04,19.381,0.006596031993352014
2014-06-05,19.791,0.021154739177545068
2014-06-06,19.762,-0.0014653125157899627
2014-06-09,19.781,0.0009614411496812192
2014-06-10,19.6,-0.009150194631211583
2014-06-11,19.322,-0.01418367346938787
2014-06-12,19.189,-0.00688334540937785
2014-06-13,19.179,-0.0005211318984835733
2014-06-16,19.113,-0.003441263882371315
2014-06-17,19.362,0.013027782137811972
2014-06-18,19.293,-0.003563681437867894
2014-06-19,19.302,0.000466490436946021
2014-06-20,19.381,0.0040928401201947295
2014-06-23,19.4,0.0009803415716422847
2014-06-24,19.372,-0.0014432989690721376
2014-06-25,19.446,0.0038199463142680745
2014-06-26,19.446,0.0
2014-06-27,20.086,0.03291165278206298
2014-06-30,21.052,0.04809319924325406
2014-07-01,21.32,0.012730381911457478
2014-07-02,21.13,-0.008911819887429728
2014-07-03,21.264,0.006341694273544807
2014-07-07,21.273,0.0004232505643340101
2014-07-08,21.091,-0.008555445870352063
2014-07-09,21.052,-0.0018491299606467893
2014-07-10,21.052,0.0
2014-07-11,21.196,0.006840205206156247
2014-07-14,20.948,-0.011700320815248189
2014-07-15,21.052,0.004964674431926719
2014-07-16,21.178,0.005985179555386688
2014-07-17,21.091,-0.004108036641798041
2014-07-18,21.463,0.01763785500924575
2014-07-21,21.339,-0.005777384335833857
2014-07-22,21.417,0.003655279066498096
2014-07-23,21.206,-0.009851986739506047
2014-07-24,21.368,0.007639347354522208
2014-07-25,21.254,-0.005335080494196842
2014-07-28,21.397,0.006728145290298082
2014-07-29,21.378,-0.0008879749497592293
2014-07-30,21.32,-0.0027130695107119296
2014-07-31,20.958,-0.016979362101313455
2014-08-01,21.32,0.017272640519133686
2014-08-04,20.844,-0.022326454033771093
2014-08-05,20.863,0.0009115332949529709
2014-08-06,20.967,0.00498490150026365
2014-08-07,20.698,-0.012829684742690861
2014-08-08,20.863,0.007971784713498797
2014-08-11,20.834,-0.001390020610650411
2014-08-12,20.873,0.0018719400979170242
2014-08-13,20.785,-0.00421597278781205
2014-08-14,20.976,0.00918931922059163
2014-08-15,20.757,-0.010440503432494141
2014-08-18,20.967,0.010117068940598273
2014-08-19,20.976,0.0004292459579338104
2014-08-20,20.698,-0.013253241800152527
2014-08-21,20.794,0.004638129287853898
2014-08-22,20.891,0.004664807155910333
2014-08-25,20.909,0.0008616150495428521
2014-08-26,20.814,-0.004543498015208702
2014-08-27,20.757,-0.0027385413663879588
2014-08-28,21.111,0.017054487642722993
2014-08-29,21.358,0.011700061579271503
2014-09-02,21.225,-0.006227174829103843
2014-09-03,21.091,-0.006313309776207365
2014-09-04,21.034,-0.0027025745578683757
2014-09-05,20.881,-0.007273937434629563
2014-09-08,21.034,0.007327235285666367
2014-09-09,21.17,0.0064657221641153395
2014-09-10,21.024,-0.006896551724137945
2014-09-11,21.196,0.008181126331811228
2014-09-12,21.339,0.006746555953953459
2014-09-15,21.225,-0.005342330943343021
2014-09-16,21.329,0.004899882214369766
2014-09-17,21.417,0.004125838060856202
2014-09-18,21.531,0.005322874352150064
2014-09-19,21.655,0.005759137987088492
2014-09-22,21.655,0.0
2014-09-23,21.626,-0.0013391826368044368
2014-09-24,21.665,0.001803384814574871
2014-09-25,21.541,-0.005723517193630179
2014-09-26,21.521,-0.0009284620026924761
2014-09-29,21.606,0.003949630593373943
2014-09-30,21.713,0.004952328057021171
2014-10-01,21.732,0.0008750518122782047
2014-10-02,21.741,0.0004141358365543635
2014-10-03,22.066,0.01494871441056067
2014-10-06,22.01,-0.0025378410223872994
2014-10-07,22.028,0.000817810086324311
2014-10-08,21.884,-0.006537134556019564
2014-10-09,21.876,-0.00036556388228836667
2014-10-10,21.521,-0.016227829584933295
2014-10-13,21.456,-0.0030203057478742634
2014-10-14,21.751,0.01374906785980623
2014-10-15,21.447,-0.01397636890257925
2014-10-16,21.677,0.010724110598218983
2014-10-17,21.645,-0.0014762190339991932
2014-10-20,21.693,0.0022176022176023658
2014-10-21,21.779,0.003964412483289381
2014-10-22,21.779,0.0
2014-10-23,21.884,0.004821157996234948
2014-10-24,21.884,0.0
2014-10-27,21.867,-0.0007768232498628347
2014-10-28,21.858,-0.0004115790917821327
2014-10-29,21.76,-0.004483484307804875
2014-10-30,21.848,0.004044117647058698
2014-10-31,21.789,-0.0027004760161112307
2014-11-03,22.018,0.010509890311625192
2014-11-04,22.076,0.002634208374965974
2014-11-05,22.172,0.004348613879326058
2014-11-06,21.884,-0.0129893559444344
2014-11-07,22.066,0.008316578322061785
2014-11-10,21.828,-0.01078582434514641
2014-11-11,21.95,0.0055891515484698395
2014-11-12,21.838,-0.005102505694760784
2014-11-13,21.713,-0.005723967396281671
2014-11-14,21.751,0.0017501036245566315
2014-11-17,21.379,-0.01710266194657717
2014-11-18,21.713,0.015622807427849716
2014-11-19,21.588,-0.005756919817620831
2014-11-20,21.511,-0.003566796368352887
2014-11-21,21.703,0.008925665938357197
2014-11-24,22.181,0.0220246048933328
2014-11-25,22.086,-0.004282944862720406
2014-11-26,22.134,0.0021733224667210838
2014-11-28,21.655,-0.02164091443028826
2014-12-01,21.741,0.003971369198799257
2014-12-02,21.828,0.004001655857596154
2014-12-03,21.97,0.006505405900677941
2014-12-04,22.135,0.007510241238052107
2014-12-05,22.145,0.0004517732098485716
2014-12-08,22.066,-0.0035673967035448895
2014-12-09,22.076,0.0004531858968550573
2014-12-10,21.97,-0.004801594491755878
2014-12-11,22.056,0.003914428766499833
2014-12-12,21.894,-0.007344940152339663
2014-12-15,21.94,0.0021010322462775566
2014-12-16,22.028,0.004010938924339014
2014-12-17,22.106,0.003540947884510759
2014-12-18,22.145,0.0017642269067219551
2014-12-19,22.116,-0.0013095506886430242
2014-12-22,22.173,0.002577319587628857
2014-12-23,22.076,-0.0043746899382129945
2014-12-24,22.076,-0.0043746899382129945
2014-12-26,22.056,-0.0009059612248595306
2014-12-29,22.125,0.0031284004352556405
2014-12-30,22.191,0.0029830508474575357
2014-12-31,22.0,-0.00860709296561668
2015-01-02,21.923,-0.0035000000000000586
2015-01-05,21.923,0.0
2015-01-06,21.913,-0.00045614195137522184
2015-01-07,21.876,-0.0016884954136813235
2015-01-08,21.96,0.0038398244651673963
2015-01-09,22.01,0.0022768670309654127
2015-01-12,21.828,-0.00826896865061344
2015-01-13,21.75,-0.003573391973611839
2015-01-14,21.75,0.0
2015-01-15,21.769,0.000873563218390716
2015-01-16,21.95,0.008314575772888189
2015-01-20,21.828,-0.005558086560364495
2015-01-21,21.702,-0.005772402418911415
2015-01-22,21.702,0.0
2015-01-23,21.346,-0.01640401806285141
2015-01-26,21.058,-0.01349198913145322
2015-01-27,21.386,0.015576028112831208
2015-01-28,21.157,-0.010707939773683672
2015-01-29,20.888,-0.012714468024767167
2015-01-30,20.888,-0.012714468024767167
2015-02-02,20.945,0.0027288395250861797
2015-02-03,20.936,-0.0004296968250179223
2015-02-04,20.724,-0.01012609858616731
2015-02-05,20.869,0.006996718780158284
2015-02-06,20.849,-0.0009583592888974257
2015-02-09,20.898,0.002350232625065951
2015-02-10,20.657,-0.011532204038663951
2015-02-11,20.551,-0.005131432444207884
2015-02-12,20.61,0.0028709065252299215
2015-02-13,20.61,0.0
2015-02-17,20.474,-0.006598738476467747
2015-02-18,20.445,-0.0014164305949008194
2015-02-19,20.321,-0.006065052580092822
2015-02-20,20.263,-0.002854190246542987
2015-02-23,20.243,-0.0009870206780833168
2015-02-24,20.541,0.014721138171219783
2015-02-25,20.454,-0.0042354315758725836
2015-02-26,20.494,0.0019556077050943976
2015-02-27,20.513,0.0009271006148141581
2015-03-02,20.61,0.004728708623799482
2015-03-03,20.522,-0.00426977195536149
2015-03-04,20.619,0.004726634830913179
2015-03-05,20.551,-0.003297929094524532
2015-03-06,20.685,0.006520363972556176
2015-03-09,20.648,-0.0017887357988880526
2015-03-10,20.58,-0.0032932971716389536
2015-03-11,20.494,-0.004178814382895912
2015-03-12,20.357,-0.0066848833805016605
2015-03-13,20.321,-0.0017684334626908438
2015-03-16,20.243,-0.0038383937798338597
2015-03-17,20.464,0.01091735414711259
2015-03-18,20.386,-0.00381157154026579
2015-03-19,20.541,0.007603257137251074
2015-03-20,20.273,-0.013047076578550199
2015-03-23,20.205,-0.003354214965717972
2015-03-24,20.445,0.011878247958426291
2015-03-25,20.405,-0.001956468574223491
2015-03-26,20.348,-0.0027934329821123205
2015-03-27,20.425,0.003784155690977009
2015-03-30,20.386,-0.0019094247246023155
2015-03-31,20.464,0.0038261552045522063
2015-04-01,20.415,-0.0023944487881156773
2015-04-02,20.571,0.007641440117560627
2015-04-06,20.445,-0.006125127606825154
2015-04-07,20.571,0.006162876008804163
2015-04-08,20.657,0.0041806426522774665
2015-04-09,20.445,-0.010262864888415546
2015-04-10,20.445,0.0
2015-04-13,20.541,0.004695524578136379
2015-04-14,20.675,0.00652353828927521
2015-04-15,20.917,0.011704957678355443
2015-04-16,21.032,0.005497920351866803
2015-04-17,21.002,-0.00142639786991261
2015-04-20,20.81,-0.009141986477478325
2015-04-21,20.763,-0.002258529553099353
2015-04-22,20.849,0.00414198333574145
2015-04-23,20.734,-0.0055158520792363275
2015-04-24,20.879,0.006993344265457724
2015-04-27,20.965,0.004118971215096412
2015-04-28,20.763,-0.009635106129262994
2015-04-29,21.05,0.013822665318113936
2015-04-30,20.83,-0.01045130641330183
2015-05-01,21.397,0.027220355256841078
2015-05-04,21.32,-0.0035986353227086543
2015-05-05,21.264,-0.002626641651031991
2015-05-06,21.417,0.007195259593679504
2015-05-07,21.282,-0.0063034038380725965
2015-05-08,21.523,0.011324123672587172
2015-05-11,21.282,-0.011197323793151526
2015-05-12,21.474,0.009021708486044444
2015-05-13,21.493,0.0008847909099374274
2015-05-14,21.484,-0.0004187409854369273
2015-05-15,21.533,0.0022807670824800397
2015-05-18,21.639,0.004922676821622618
2015-05-19,21.667,0.0012939599796664147
2015-05-20,21.648,-0.0008769095860065024
2015-05-21,21.474,-0.008037694013303787
2015-05-22,21.563,0.004144546893918077
2015-05-26,21.417,-0.006770857487362503
2015-05-27,21.573,0.007283933323994907
2015-05-28,21.658,0.003940110323089163
2015-05-29,21.493,-0.007618431988180019
2015-06-01,21.609,0.005397106034523036
2015-06-02,21.813,0.00944051089823672
2015-06-03,21.936,0.00563883922431585
2015-06-04,21.966,0.001367614879649981
2015-06-05,22.044,0.0035509423654738193
2015-06-08,22.006,-0.001723825077118546
2015-06-09,22.122,0.005271289648277833
2015-06-10,22.151,0.0013109122140855245
2015-06-11,22.151,0.0
2015-06-12,22.179,0.001264051284366241
2015-06-15,22.103,-0.0034266648631586794
2015-06-16,22.151,0.0021716509071165735
2015-06-17,22.142,-0.00040630219854631555
2015-06-18,22.034,-0.004877608165477443
2015-06-19,23.549,0.06875737496596179
2015-06-22,23.858,0.013121576287740577
2015-06-23,23.993,0.0056584793360716645
2015-06-24,24.06,0.002792481140332592
2015-06-25,24.497,0.018162926018287617
2015-06-26,24.138,-0.014654855696615843
2015-06-29,24.33,0.007954262987819982
2015-06-30,24.36,0.0012330456226881115
2015-07-01,24.321,-0.0016009852216748444
2015-07-02,24.34,0.0007812178775543632
2015-07-06,24.389,0.0020131470829909404
2015-07-07,24.36,-0.0011890606420927874
2015-07-08,24.218,-0.005829228243021345
2015-07-09,24.256,0.00156908084895524
2015-07-10,24.178,-0.0032156992084432234
2015-07-13,24.148,-0.001240797419141404
2015-07-14,24.099,-0.0020291535530893023
2015-07-15,23.993,-0.004398522760280632
2015-07-16,24.089,0.004001167007043671
2015-07-17,24.079,-0.00041512723649794747
2015-07-20,23.868,-0.008762822376344626
2015-07-21,23.858,-0.0004189710072062258
2015-07-22,23.938,0.0033531729398943444
2015-07-23,23.839,-0.0041356838499456705
2015-07-24,23.608,-0.009690003775326028
2015-07-27,23.461,-0.006226702812605955
2015-07-28,23.425,-0.0015344614466560325
2015-07-29,23.328,-0.0041408751334045535
2015-07-30,23.348,0.0008573388203017007
2015-07-31,23.387,0.0016703786191536452
2015-08-03,23.182,-0.008765553512635305
2015-08-04,23.406,0.009662669312397565
2015-08-05,23.878,0.02016576946082216
2015-08-06,23.771,-0.004481112320964931
2015-08-07,23.385,-0.016238273526565927
2015-08-10,23.809,0.018131280735514288
2015-08-11,23.617,-0.008064177411903017
2015-08-12,23.529,-0.0037261294829995517
2015-08-13,23.48,-0.002082536444387717
2015-08-14,24.012,0.022657580919931863
2015-08-17,23.713,-0.01245210727969348
2015-08-18,23.723,0.00042170961076193336
2015-08-19,23.568,-0.006533743624330679
2015-08-20,23.568,0.0
2015-08-21,23.627,0.0025033944331296354
2015-08-24,23.647,0.0008464891861006407
2015-08-25,23.666,0.0008034845857827211
2015-08-26,23.742,0.0032113580664243635
2015-08-27,23.723,-0.0008002695644849789
2015-08-28,23.928,0.00864140285798598
2015-08-31,24.313,0.016089936476094913
2015-09-01,23.771,-0.022292600666310114
2015-09-02,24.012,0.010138403937570928
2015-09-03,24.051,0.0016241879060467923
2015-09-04,23.966,-0.0035341565839257516
2015-09-08,23.819,-0.006133689393307273
2015-09-09,23.732,-0.0036525462865779623
2015-09-10,23.888,0.006573403000168732
2015-09-11,24.012,0.005190890823844496
2015-09-14,24.209,0.0082042312177244
2015-09-15,24.264,0.0022718823578007363
2015-09-16,24.74,0.019617540389053723
2015-09-17,24.74,0.0
2015-09-18,25.051,0.01257073565076805
2015-09-21,24.817,-0.009340944473274493
2015-09-22,25.37,0.022283112382641024
2015-09-23,25.165,-0.00808040993299175
2015-09-24,24.72,-0.017683290284124742
2015-09-25,24.789,0.002791262135922512
2015-09-28,25.146,0.014401549074186004
2015-09-29,25.079,-0.0026644396723136676
2015-09-30,24.972,-0.0042665178037401
2015-10-01,25.194,0.008889956751561678
2015-10-02,25.174,-0.0007938398031277494
2015-10-05,25.293,0.004727099388257772
2015-10-06,25.273,-0.0007907326137666093
2015-10-07,25.041,-0.009179757052981463
2015-10-08,25.174,0.005311289485244064
2015-10-09,25.406,0.009215857630888946
2015-10-12,25.514,0.0042509643391324126
2015-10-13,24.952,-0.02202712236419213
2015-10-14,24.692,-0.010420006412311666
2015-10-15,25.233,0.0219099303418111
2015-10-16,25.273,0.001585225696508541
2015-10-19,24.884,-0.015391920231076606
2015-10-20,25.06,0.007072817874939741
2015-10-21,25.089,0.0011572226656024753
2015-10-22,24.884,-0.008170911554864602
2015-10-23,24.982,0.003938273589455088
2015-10-26,24.129,-0.03414458410055232
2015-10-27,24.77,0.026565543536822833
2015-10-28,24.76,-0.0004037141703673308
2015-10-29,24.682,-0.003150242326332875
2015-10-30,24.574,-0.004375658374523805
2015-11-02,24.701,0.005168063807275969
2015-11-03,24.972,0.010971215740253504
2015-11-04,24.855,-0.00468524747717447
2015-11-05,25.234,0.015248440957553955
2015-11-06,25.244,0.00039629071887126166
2015-11-09,25.244,0.0
2015-11-10,25.214,-0.0011884012042465697
2015-11-11,25.205,-0.00035694455461254826
2015-11-12,25.324,0.004721285459234448
2015-11-13,25.304,-0.0007897646501343614
2015-11-16,25.264,-0.0015807777426493086
2015-11-17,25.234,-0.0011874604179860082
2015-11-18,25.244,0.00039629071887126166
2015-11-19,25.214,-0.0011884012042465697
2015-11-20,25.166,-0.001903704291266739
2015-11-23,25.39,0.0089008980370342
2015-11-24,25.438,0.0018905080740447833
2015-11-25,25.166,-0.010692664517650718
2015-11-27,25.614,0.017801796074068177
2015-11-30,25.643,0.0011321933317716137
2015-12-01,25.605,-0.0014818858947861502
2015-12-02,25.605,0.0
2015-12-03,25.516,-0.0034758836164812124
2015-12-04,25.643,0.004977269164445852
2015-12-07,25.352,-0.011348126194283048
2015-12-08,25.516,0.006468917639633975
2015-12-09,25.264,-0.009876156137325509
2015-12-10,25.586,0.012745408486383836
2015-12-11,25.147,-0.017157820683186165
2015-12-14,25.408,0.010378971646717305
2015-12-15,25.061,-0.013657115869017633
2015-12-16,25.624,0.02246518494872496
2015-12-17,25.661,0.0014439587886356797
2015-12-18,25.457,-0.007949807100268935
2015-12-21,25.661,0.008013512982676607
2015-12-22,25.556,-0.004091812478079548
2015-12-23,25.556,-0.004091812478079548
2015-12-24,25.566,0.00039129754265143646
2015-12-28,25.324,-0.009465696628334408
2015-12-29,25.4,0.0030011056705101513
2015-12-30,25.39,-0.0003937007874015297
2015-12-31,25.234,-0.006144151240645823
2016-01-04,25.462,0.009035428390266942
2016-01-05,25.962,0.019637106276019223
2016-01-06,26.055,0.0035821585394038014
2016-01-07,26.002,-0.002034158510842432
2016-01-08,26.022,0.0007691716021844819
2016-01-11,26.08,0.0022288832526324853
2016-01-12,26.041,-0.0014953987730060847
2016-01-13,25.73,-0.011942705733266723
2016-01-14,25.38,-0.013602798289933937
2016-01-15,25.274,-0.00417651694247434
2016-01-19,24.35,-0.03655930996280765
2016-01-20,23.658,-0.02841889117043117
2016-01-21,23.71,0.0021979879956040005
2016-01-22,24.311,0.025347954449599364
2016-01-25,23.982,-0.013532968615030283
2016-01-26,24.952,0.04044700191810535
2016-01-27,24.914,-0.001522924014107141
2016-01-28,24.909,-0.00020069037488967822
2016-01-29,24.779,-0.0052189971496245935
2016-02-01,24.488,-0.011743815327495022
2016-02-02,24.389,-0.004042796471741217
2016-02-03,24.527,0.005658288572717218
2016-02-04,24.662,0.005504138296571037
2016-02-05,24.369,-0.011880626064390554
2016-02-08,23.541,-0.0339775944847962
2016-02-09,23.843,0.012828681874176961
2016-02-10,23.883,0.0016776412364214455
2016-02-11,23.64,-0.010174601180756082
2016-02-12,23.511,-0.005456852791878242
2016-02-16,23.923,0.01752371230487859
2016-02-17,24.216,0.012247627805877404
2016-02-18,23.903,-0.01292533861909495
2016-02-19,23.863,-0.0016734301133748408
2016-02-22,24.166,0.012697481456648507
2016-02-23,24.226,0.0024828271124719414
2016-02-24,24.126,-0.004127796582184318
2016-02-25,24.369,0.010072121362844966
2016-02-26,24.226,-0.005868111124789688
2016-02-29,24.226,0.0
2016-03-01,24.517,0.01201188805415665
2016-03-02,24.563,0.0018762491332544595
2016-03-03,24.711,0.006025322639742647
2016-03-04,24.642,-0.002792278742260512
2016-03-07,24.721,0.00320590861131409
2016-03-08,24.751,0.0012135431414588282
2016-03-09,25.345,0.023999030342208405
2016-03-10,25.813,0.018465180508976164
2016-03-11,25.793,-0.0007748033936388898
2016-03-14,26.173,0.014732679409142024
2016-03-15,26.22,0.0017957437053452985
2016-03-16,26.3,0.0030511060259343914
2016-03-17,26.32,0.0007604562737641984
2016-03-18,26.017,-0.011512158054711286
2016-03-21,25.871,-0.005611715416842911
2016-03-22,26.027,0.006029917668431972
2016-03-23,26.173,0.005609559303799694
2016-03-24,26.31,0.005234401864516958
2016-03-28,26.348,0.0014443177499050552
2016-03-29,26.144,-0.0077425231516623505
2016-03-30,26.31,0.006349449204406277
2016-03-31,26.135,-0.006651463321930673
2016-04-01,25.93,-0.007843887507174352
2016-04-04,26.173,0.009371384496721813
2016-04-05,26.154,-0.0007259389447139553
2016-04-06,26.193,0.0014911676990136957
2016-04-07,26.32,0.004848623678081809
2016-04-08,26.27,-0.0018996960486322712
2016-04-11,26.348,0.0029691663494479936
2016-04-12,26.417,0.0026187945954152525
2016-04-13,26.407,-0.00037854411931714793
2016-04-14,26.407,0.0
2016-04-15,26.33,-0.002915893513083745
2016-04-18,26.378,0.0018230155715914798
2016-04-19,26.456,0.0029570096292363957
2016-04-20,26.523,0.0025325068037496123
2016-04-21,26.786,0.009915922029936297
2016-04-22,26.739,-0.001754647950421906
2016-04-25,26.88,0.00527319645461688
2016-04-26,27.178,0.011086309523809623
2016-04-27,27.294,0.004268158069026473
2016-04-28,27.284,-0.0003663808895728593
2016-04-29,27.138,-0.005351121536431469
2016-05-02,27.284,0.005379910089173823
2016-05-03,27.519,0.008613106582612495
2016-05-04,27.684,0.0059958574076093285
2016-05-05,27.724,0.0014448779078166663
2016-05-06,27.577,-0.005302265185398891
2016-05-09,27.586,0.0003263589222901597
2016-05-10,27.34,-0.008917566881751604
2016-05-11,27.38,0.001463057790782596
2016-05-12,27.263,-0.004273192111029833
2016-05-13,27.244,-0.0006969152330998929
2016-05-16,27.312,0.002495962413742614
2016-05-17,27.36,0.0017574692442881013
2016-05-18,27.39,0.0010964912280702066
2016-05-19,27.694,0.01109894121942312
2016-05-20,27.537,-0.005669097999566719
2016-05-23,27.39,-0.005338272142934919
2016-05-24,27.567,0.00646221248630896
2016-05-25,27.595,0.0010157071861283118
2016-05-26,27.577,-0.0006522920818987643
2016-05-27,27.586,0.0003263589222901597
2016-05-31,27.312,-0.009932574494308621
2016-06-01,27.096,-0.00790861159929701
2016-06-02,27.136,0.0014762326542663295
2016-06-03,26.588,-0.020194575471698006
2016-06-06,26.667,0.002971265232435627
2016-06-07,26.832,0.0061874226572167235
2016-06-08,27.066,0.008720930232558155
2016-06-09,26.95,-0.004285819847779537
2016-06-10,26.941,-0.0003339517625231547
2016-06-13,26.305,-0.02360714153149468
2016-06-14,25.942,-0.01379965785972248
2016-06-15,25.961,0.0007324030529642922
2016-06-16,26.08,0.004583798775085635
2016-06-17,25.552,-0.02024539877300613
2016-06-20,25.472,-0.003130870381966133
2016-06-21,26.148,0.026538944723617952
2016-06-22,26.902,0.02883585742695427
2016-06-23,27.39,0.0181399152479369
2016-06-24,26.305,-0.039612997444322784
2016-06-27,24.447,-0.07063295951340054
2016-06-28,25.611,0.04761320407411951
2016-06-29,26.026,0.016203974854554604
2016-06-30,26.872,0.03250595558287861
2016-07-01,27.35,0.017788032152426414
2016-07-05,26.902,-0.016380255941499056
2016-07-06,27.772,0.032339603003494144
2016-07-07,27.273,-0.01796773728935619
2016-07-08,27.577,0.011146555201114738
2016-07-11,27.537,-0.0014504840990681167
2016-07-12,27.615,0.0028325525656389683
2016-07-13,27.557,-0.0021003078037298284
2016-07-14,27.634,0.0027942083681098406
2016-07-15,27.634,0.0
2016-07-18,27.586,-0.0017369906636752752
2016-07-19,27.126,-0.016675125063437823
2016-07-20,27.244,0.004350070043500631
2016-07-21,27.39,0.005358978123623626
2016-07-22,27.567,0.00646221248630896
2016-07-25,27.654,0.0031559473283273576
2016-07-26,28.125,0.017031894120199675
2016-07-27,28.086,-0.0013866666666667582
2016-07-28,28.116,0.0010681478316598714
2016-07-29,28.31,0.006899985773225259
2016-08-01,27.977,-0.011762628046626533
2016-08-02,27.586,-0.013975765807627716
2016-08-03,27.733,0.005328789965924896
2016-08-04,27.566,-0.0060217069916705945
2016-08-05,28.047,0.017449031415512017
2016-08-08,28.302,0.009091881484650788
2016-08-09,28.518,0.00763196947212208
2016-08-10,28.087,-0.01511326179956518
2016-08-11,28.027,-0.002136219603375178
2016-08-12,28.117,0.0032111892104043083
2016-08-15,28.352,0.008357932923142464
2016-08-16,27.958,-0.013896726862302589
2016-08-17,28.067,0.00389870520065827
2016-08-18,28.047,-0.0007125806106815791
2016-08-19,28.067,0.0007130887438941969
2016-08-22,28.067,0.0
2016-08-23,28.213,0.005201838457975505
2016-08-24,28.155,-0.0020557898840959377
2016-08-25,28.401,0.00873734683004801
2016-08-26,28.077,-0.0114080490123587
2016-08-29,28.273,0.00698080279232105
2016-08-30,28.392,0.004208962614508538
2016-08-31,28.312,-0.0028176951253873206
2016-09-01,28.421,0.003849957615145394
2016-09-02,28.617,0.006896309067239148
2016-09-06,28.607,-0.00034944263899083783
2016-09-07,28.557,-0.0017478239591708356
2016-09-08,28.637,0.00280141471443085
2016-09-09,28.117,-0.018158326640360323
2016-09-12,28.312,0.006935306042607614
2016-09-13,27.605,-0.02497174343034758
2016-09-14,27.536,-0.002499547183481221
2016-09-15,27.684,0.005374782103428233
2016-09-16,27.752,0.002456292443288488
2016-09-19,27.389,-0.013080138368405825
2016-09-20,27.184,-0.007484756654131175
2016-09-21,27.33,0.005370806356680191
2016-09-22,27.488,0.005781192828393733
2016-09-23,27.204,-0.010331781140861418
2016-09-26,26.809,-0.014519923540655788
2016-09-27,26.799,-0.0003730090641202999
2016-09-28,27.194,0.014739355946117305
2016-09-29,26.732,-0.016989041700375074
2016-09-30,27.488,0.028280712254975304
2016-10-03,27.369,-0.00432916181606513
2016-10-04,27.213,-0.005699879425627441
2016-10-05,27.124,-0.0032704957189578776
2016-10-06,27.389,0.009769945435776473
2016-10-07,26.919,-0.017160173792398314
2016-10-10,27.036,0.004346372450685365
2016-10-11,27.045,0.0003328894806924332
2016-10-12,27.261,0.007986688851913337
2016-10-13,27.055,-0.007556582663878819
2016-10-14,26.899,-0.005766032156717782
2016-10-17,27.114,0.007992862188185512
2016-10-18,27.31,0.007228737921368911
2016-10-19,27.184,-0.004613694617356168
2016-10-20,27.291,0.003936138905238362
2016-10-21,27.094,-0.007218496940383234
2016-10-24,27.291,0.007270982505351631
2016-10-25,27.88,0.021582206588252495
2016-10-26,27.399,-0.017252510760401685
2016-10-27,27.988,0.021497134931931727
2016-10-28,28.352,0.013005573817350236
2016-10-31,28.184,-0.0059255079006771405
2016-11-01,27.762,-0.014973034345728053
2016-11-02,27.841,0.0028456163100640808
2016-11-03,27.88,0.0014008117524513253
2016-11-04,27.555,-0.011657101865136243
2016-11-07,27.604,0.0017782616585011457
2016-11-08,27.575,-0.0010505723808144074
2016-11-09,29.023,0.052511332728921056
2016-11-10,29.567,0.018743754952968317
2016-11-11,32.04,0.08364054520242159
2016-11-14,32.139,0.0030898876404494846
2016-11-15,32.169,0.0009334453467748638
2016-11-16,32.721,0.017159377040007362
2016-11-17,32.149,-0.017481128327373696
2016-11-18,32.474,0.010109179134654145
2016-11-21,32.534,0.001847631951715334
2016-11-22,33.115,0.017858240609823772
2016-11-23,33.273,0.004771251698626022
2016-11-25,33.381,0.0032458750338111297
2016-11-28,33.214,-0.005002845930319744
2016-11-29,33.115,-0.002980670801469132
2016-11-30,33.224,0.0032915597161404797
2016-12-01,33.165,-0.0017758247050324583
2016-12-02,32.701,-0.013990652796622927
2016-12-05,33.322,0.018990244946637702
2016-12-06,33.864,0.016265530280295204
2016-12-07,33.913,0.0014469643278998134
2016-12-08,33.953,0.0011794886916522973
2016-12-09,34.406,0.01334197272700477
2016-12-12,34.997,0.01717723652851255
2016-12-13,35.027,0.0008572163328286475
2016-12-14,35.985,0.02735032974562479
2016-12-15,37.679,0.04707517020980978
2016-12-16,37.216,-0.012288011889912132
2016-12-19,38.261,0.02807932072227004
2016-12-20,38.735,0.01238859412979254
2016-12-21,38.764,0.000748676907190049
2016-12-22,38.586,-0.004591889381900804
2016-12-23,38.735,0.003861504172497865
2016-12-27,38.449,-0.00738350329159676
2016-12-28,37.975,-0.012328018934172458
2016-12-29,38.193,0.005740618828176336
2016-12-30,38.064,-0.0033775822794752663
2017-01-03,37.582,-0.012662883564522942
2017-01-04,37.66,0.002075461657176092
2017-01-05,36.211,-0.03847583643122676
2017-01-06,35.767,-0.012261467509872559
2017-01-09,35.353,-0.011574915424833021
2017-01-10,36.043,0.019517438406924326
2017-01-11,36.487,0.012318619426795907
2017-01-12,35.313,-0.032175843451092145
2017-01-13,35.273,-0.0011327273242148772
2017-01-17,34.929,-0.009752501913645073
2017-01-18,35.205,0.007901743536889105
2017-01-19,35.087,-0.0033517966197982307
2017-01-20,34.919,-0.004788098156012333
2017-01-23,34.987,0.0019473638993099396
2017-01-24,35.975,0.02823906022236833
2017-01-25,36.477,0.013954134815844288
2017-01-26,36.31,-0.004578227376154653
2017-01-27,36.191,-0.003277334067749882
2017-01-30,35.569,-0.017186593351938284
2017-01-31,35.067,-0.014113413365571259
2017-02-01,35.323,0.007300310833547208
2017-02-02,34.789,-0.015117628740480726
2017-02-03,35.313,0.015062232314812185
2017-02-06,34.779,-0.01512190977826855
2017-02-07,34.769,-0.00028752983122015685
2017-02-08,34.769,0.0
2017-02-09,34.996,0.0065288043947195895
2017-02-10,35.046,0.0014287347125385708
2017-02-13,35.156,0.003138731952291307
2017-02-14,35.492,0.00955740129707583
2017-02-15,35.759,0.007522822044404354
2017-02-16,35.72,-0.001090634525574008
2017-02-17,36.314,0.01662933930571109
2017-02-21,36.155,-0.004378476620587102
2017-02-22,36.065,-0.0024892822569493323
2017-02-23,36.017,-0.001330930264799468
2017-02-24,35.867,-0.004164700002776578
2017-02-27,35.779,-0.0024535087963865054
2017-02-28,35.62,-0.004443947567008721
2017-03-01,36.065,0.012492981471083686
2017-03-02,35.75,-0.008734229862747744
2017-03-03,35.551,-0.005566433566433493
2017-03-06,35.245,-0.008607352817079805
2017-03-07,35.235,-0.0002837281883955045
2017-03-08,34.68,-0.01575138356747552
2017-03-09,34.996,0.009111880046136278
2017-03-10,34.106,-0.02543147788318667
2017-03-13,34.632,0.015422506303875982
2017-03-14,33.542,-0.031473781473781326
2017-03-15,34.829,0.03836980502057119
2017-03-16,34.235,-0.017054753222888963
2017-03-17,34.472,0.006922739886081608
2017-03-20,33.879,-0.01720236713854728
2017-03-21,33.642,-0.006995483928096902
2017-03-22,32.85,-0.023542001070090968
2017-03-23,33.255,0.012328767123287676
2017-03-24,33.315,0.0018042399639150997
2017-03-27,33.048,-0.008014407924358258
2017-03-28,33.771,0.02187726942628898
2017-03-29,33.968,0.005833407361345522
2017-03-30,33.632,-0.00989166274140385
2017-03-31,33.394,-0.0070765937202663665
2017-04-03,33.335,-0.0017667844522967213
2017-04-04,32.998,-0.010109494525273877
2017-04-05,32.662,-0.010182435299109005
2017-04-06,32.899,0.007256138632049547
2017-04-07,33.137,0.007234262439587802
2017-04-10,32.87,-0.008057458430153708
2017-04-11,32.87,0.0
2017-04-12,32.948,0.002372984484332319
2017-04-13,32.257,-0.020972441422848154
2017-04-17,32.612,0.011005363176984861
2017-04-18,33.196,0.01790751870477103
2017-04-19,33.216,0.0006024822267745034
2017-04-20,33.642,0.012825144508670672
2017-04-21,33.958,0.009393020628975624
2017-04-24,33.869,-0.002620884622180353
2017-04-25,33.552,-0.009359591366736586
2017-04-26,34.719,0.03478183118741063
2017-04-27,36.581,0.05363057691753803
2017-04-28,36.749,0.004592548044066502
2017-05-01,37.55,0.02179651146969963
2017-05-02,37.727,0.004713715046604561
2017-05-03,37.53,-0.005221724494393842
2017-05-04,35.782,-0.046576072475353225
2017-05-05,36.596,0.022748868145995305
2017-05-08,36.835,0.0065307683899880065
2017-05-09,36.736,-0.002687661191801416
2017-05-10,36.467,-0.0073225174216027256
2017-05-11,36.179,-0.007897551210683584
2017-05-12,35.017,-0.03211807954890955
2017-05-15,35.812,0.02270325841733989
2017-05-16,36.15,0.009438177147324867
2017-05-17,35.474,-0.018699861687413555
2017-05-18,34.869,-0.017054744319783377
2017-05-19,35.087,0.006251971665376166
2017-05-22,34.561,-0.014991307321800207
2017-05-23,35.057,0.01435143659037652
2017-05-24,35.405,0.009926690817811057
2017-05-25,35.435,0.0008473379466178432
2017-05-26,35.395,-0.0011288274305065737
2017-05-30,34.521,-0.024692753213730767
2017-05-31,34.561,0.001158714985081577
2017-06-01,34.601,0.0011573739185786192
2017-06-02,36.12,0.043900465304471004
2017-06-05,35.097,-0.028322259136212558
2017-06-06,35.474,0.01074165883123901
2017-06-07,35.514,0.0011275864013082781
2017-06-08,36.726,0.03412738638283486
2017-06-09,38.414,0.045961988781789476
2017-06-12,39.05,0.01655646378924347
2017-06-13,39.11,0.0015364916773368265
2017-06-14,39.129,0.0004858092559447691
2017-06-15,39.824,0.01776176237573157
2017-06-16,40.529,0.017702892728003405
2017-06-19,40.182,-0.008561770584026296
2017-06-20,39.248,-0.02324423871385206
2017-06-21,38.822,-0.010854056257643574
2017-06-22,39.07,0.0063881304415021045
2017-06-23,40.232,0.02974148963399026
2017-06-26,40.897,0.016529131039968226
2017-06-27,41.701,0.019659143702472015
2017-06-28,43.329,0.039039831179108475
2017-06-29,42.615,-0.0164785709340165
2017-06-30,42.227,-0.009104775313856783
2017-07-03,42.605,0.008951618632628389
2017-07-05,42.387,-0.005116770332120546
2017-07-06,42.585,0.004671243541651826
2017-07-07,42.893,0.007232593636256945
2017-07-10,42.446,-0.01042128086167915
2017-07-11,42.595,0.003510342552890844
2017-07-12,42.397,-0.004648432914661327
2017-07-13,42.307,-0.002122791706960281
2017-07-14,41.929,-0.008934691658590732
2017-07-17,41.92,-0.0002146485725870173
2017-07-18,41.86,-0.0014312977099236734
2017-07-19,41.989,0.003081700907787921
2017-07-20,41.91,-0.0018814451403939003
2017-07-21,41.681,-0.0054640897160581625
2017-07-24,41.264,-0.01000455843189929
2017-07-25,42.128,0.020938348196975598
2017-07-26,40.817,-0.031119445499430354
2017-07-27,39.646,-0.028689026631060544
2017-07-28,40.212,0.014276345659082867
2017-07-31,40.241,0.0007211777578830514
2017-08-01,39.874,-0.009120051688576214
2017-08-02,39.258,-0.015448663289361453
2017-08-03,39.258,0.0
2017-08-04,39.368,0.002801976667176076
2017-08-07,39.019,-0.008865068075594507
2017-08-08,40.016,0.02555165432225337
2017-08-09,39.228,-0.01969212315073965
2017-08-10,39.438,0.005353319057815886
2017-08-11,38.451,-0.0250266240681577
2017-08-14,39.338,0.02306832071987719
2017-08-15,40.125,0.02000610097107125
2017-08-16,39.707,-0.01041744548286605
2017-08-17,39.408,-0.007530158410355869
2017-08-18,38.172,-0.03136419001218038
2017-08-21,38.082,-0.0023577491354919156
2017-08-22,38.242,0.004201460007352553
2017-08-23,38.022,-0.0057528371947073165
2017-08-24,40.265,0.05899216243227601
2017-08-25,41.062,0.019793865640133967
2017-08-28,40.185,-0.021357946519896642
2017-08-29,40.544,0.008933681722035347
2017-08-30,40.205,-0.008361286503551613
2017-08-31,40.245,0.0009949011317000878
2017-09-01,40.384,0.003453845198161387
2017-09-05,40.075,-0.007651545166402429
2017-09-06,39.846,-0.005714285714285894
2017-09-07,39.766,-0.002007729759574306
2017-09-08,40.155,0.009782226022230223
2017-09-11,41.819,0.041439422238824575
2017-09-12,42.019,0.004782515124704068
2017-09-13,42.388,0.008781741593088865
2017-09-14,42.597,0.004930640747381476
2017-09-15,41.869,-0.01709040542761231
2017-09-18,42.298,0.010246244237980484
2017-09-19,42.198,-0.0023641779753179604
2017-09-20,41.859,-0.00803355609270573
2017-09-21,41.77,-0.002126185527604574
2017-09-22,41.65,-0.00287287526933222
2017-09-25,41.889,0.005738295318127307
2017-09-26,41.301,-0.014037098044832774
2017-09-27,41.879,0.013994818527396369
2017-09-28,41.989,0.0026266147711262455
2017-09-29,41.68,-0.0073590702326798985
2017-10-02,41.919,0.005734165067178498
2017-10-03,41.859,-0.0014313318542903408
2017-10-04,41.81,-0.0011705965264339202
2017-10-05,41.919,0.002607031810571536
2017-10-06,41.61,-0.007371359049595627
2017-10-09,41.819,0.005022831050228493
2017-10-10,41.919,0.0023912575623519228
2017-10-11,41.909,-0.00023855530904837163
2017-10-12,42.417,0.012121501348159258
2017-10-13,42.059,-0.00844001225923574
2017-10-16,41.859,-0.004755224803252522
2017-10-17,41.6,-0.006187438782579657
2017-10-18,42.019,0.010072115384615277
2017-10-19,41.859,-0.003807801232775576
2017-10-20,41.859,0.0
2017-10-23,41.71,-0.0035595690293604987
2017-10-24,43.075,0.03272596499640379
2017-10-25,43.564,0.01135229251305847
2017-10-26,44.52,0.021944725002295495
2017-10-27,43.364,-0.025965858041329892
2017-10-30,42.318,-0.024121391015588967
2017-10-31,42.697,0.008955999810955184
2017-11-01,41.68,-0.023819003677073347
2017-11-02,41.67,-0.0002399232245681171
2017-11-03,40.97,-0.01679865610751141
2017-11-06,41.12,0.003661215523553807
2017-11-07,39.99,-0.027480544747081614
2017-11-08,39.63,-0.00900225056264059
2017-11-09,39.67,0.0010093363613423723
2017-11-10,39.75,0.0020166372573733327
